<?xml version="1.0" encoding="UTF-8" standalone="yes"?>
<curso>
	<codigo>2</codigo>
	<nome>Engenharia de Computação</nome>
	<grandesareas>
		<grandearea>
			<nome>Ensino</nome>
			<horaminima>100</horaminima>
			<categorias>
				<categoria>
					<nomecategoria>Monitorias</nomecategoria>
					<horasmaxima>102</horasmaxima>
				</categoria>
				<categoria>
					<nomecategoria>Participação em Projetos de Ensino</nomecategoria>
					<horasmaxima>102</horasmaxima>
				</categoria>
				<categoria>
					<nomecategoria>Participação em Semanas Acadêmicas da Computação</nomecategoria>
					<horasmaxima>68</horasmaxima>
				</categoria>
				<categoria>
					<nomecategoria>Cursos e Escolas</nomecategoria>
					<horasmaxima>102</horasmaxima>
				</categoria>
				<categoria>
					<nomecategoria>Representação Estudantil</nomecategoria>
					<horasmaxima>102</horasmaxima>
				</categoria>
				<categoria>
					<nomecategoria>Certificados Profissionais</nomecategoria>
					<horasmaxima>102</horasmaxima>
				</categoria>
				<categoria>
					<nomecategoria>Disciplina Optativa</nomecategoria>
					<horasmaxima>85</horasmaxima>
				</categoria>
			</categorias>
		</grandearea>
		<grandearea>
			<nome>Extensão</nome>
			<horaminima>100</horaminima>
			<categorias>
				<categoria>
					<nomecategoria>Bolsa de Graduação da UFPel</nomecategoria>
					<horasmaxima>102</horasmaxima>
				</categoria>
				<categoria>
					<nomecategoria>Participação em Atividades de Extensão</nomecategoria>
					<horasmaxima>153</horasmaxima>
				</categoria>
				<categoria>
					<nomecategoria>Projetos Voluntários</nomecategoria>
					<horasmaxima>102</horasmaxima>
				</categoria>
			</categorias>
		</grandearea>
		<grandearea>
			<nome>Pesquisa</nome>
			<horaminima>100</horaminima>
			<categorias>
				<categoria>
					<nomecategoria>Iniciação Científica</nomecategoria>
					<horasmaxima>153</horasmaxima>
				</categoria>
				<categoria>
					<nomecategoria>Participação em Eventos Científicos Regionais</nomecategoria>
					<horasmaxima>51</horasmaxima>
				</categoria>
				<categoria>
					<nomecategoria>Participação em Eventos Científicos Nacionais</nomecategoria>
					<horasmaxima>68</horasmaxima>
				</categoria>
				<categoria>
					<nomecategoria>Participação em Eventos Científicos Internacionais</nomecategoria>
					<horasmaxima>68</horasmaxima>
				</categoria>
				<categoria>
					<nomecategoria>Publicação de Artigo Científico Regional</nomecategoria>
					<horasmaxima>68</horasmaxima>
				</categoria>
				<categoria>
					<nomecategoria>Publicação de Artigo Científico Nacional</nomecategoria>
					<horasmaxima>102</horasmaxima>
				</categoria>
				<categoria>
					<nomecategoria>Publicação de Artigo Científico Internacional</nomecategoria>
					<horasmaxima>136</horasmaxima>
				</categoria>
				<categoria>
					<nomecategoria>Obtenção de Prêmios e Distinções</nomecategoria>
					<horasmaxima>138</horasmaxima>
				</categoria>
			</categorias>
		</grandearea>
	</grandesareas>
</curso>